,ACCESSNO,CATEGORYNO,SITE,SITENO
3_1000,3,1000,Nevin Shell Heap.,Me.152/1
3_1001,3,1001,Nevin Shell Heap.,Me.152/1
3_1002,3,1002,Nevin Shell Heap.,Me.152/1
3_1003,3,1003,Nevin Shell Heap.,Me.152/1
3_1005,3,1005,Nevin Shell Heap.,Me.152/1
3_1006,3,1006,Nevin Shell Heap.,Me.152/1
3_1007,3,1007,Nevin Shell Heap.,Me.152/1
3_1008,3,1008,Nevin Shell Heap.,Me.152/1
3_1009,3,1009,Nevin Shell Heap.,Me.152/1
3_1010,3,1010,Nevin Shell Heap.,Me.152/1
3_1011,3,1011,Nevin Shell Heap.,Me.152/1
3_1012,3,1012,Nevin Shell Heap.,Me.152/1
3_1013,3,1013,Nevin Shell Heap.,Me.152/1
3_1014,3,1014,Nevin Shell Heap.,Me.152/1
3_1015,3,1015,Nevin Shell Heap.,Me.152/1
3_1016,3,1016,Nevin Shell Heap.,Me.152/1
3_1017,3,1017,Nevin Shell Heap.,Me.152/1
3_0491,3,491,Nevin Shell Heap.,Me.152/1
3_0492,3,492,Nevin Shell Heap.,Me.152/1
3_0493,3,493,Nevin Shell Heap.,Me.152/1
3_0494,3,494,Nevin Shell Heap.,Me.152/1
3_0495,3,495,Nevin Shell Heap.,Me.152/1
3_0496,3,496,Nevin Shell Heap.,Me.152/1
3_0497,3,497,Nevin Shell Heap.,Me.152/1
3_0500,3,500,Nevin Shell Heap.,Me.152/1
3_0501,3,501,Nevin Shell Heap.,Me.152/1
3_0502,3,502,Nevin Shell Heap.,Me.152/1
3_0503,3,503,Nevin Shell Heap.,Me.152/1
3_0504,3,504,Nevin Shell Heap.,Me.152/1
3_0505,3,505,Nevin Shell Heap.,Me.152/1
3_0506,3,506,Nevin Shell Heap.,Me.152/1
3_0507,3,507,Nevin Shell Heap.,Me.152/1
3_0508,3,508,Nevin Shell Heap.,Me.152/1
3_0509,3,509,Nevin Shell Heap.,Me.152/1
3_0510,3,510,Nevin Shell Heap.,Me.152/1
3_0511,3,511,Nevin Shell Heap.,Me.152/1
3_0512,3,512,Nevin Shell Heap.,Me.152/1
3_0513,3,513,Nevin Shell Heap.,Me.152/1
3_0514,3,514,Nevin Shell Heap.,Me.152/1
3_0515,3,515,Nevin Shell Heap.,Me.152/1
3_0516,3,516,Nevin Shell Heap.,Me.152/1
3_0517,3,517,Nevin Shell Heap.,Me.152/1
3_0518,3,518,Nevin Shell Heap.,Me.152/1
3_0519,3,519,Nevin Shell Heap.,Me.152/1
3_0520,3,520,Nevin Shell Heap.,Me.152/1
3_0521,3,521,Nevin Shell Heap.,Me.152/1
3_0522,3,522,Nevin Shell Heap.,Me.152/1
3_0523,3,523,Nevin Shell Heap.,Me.152/1
3_0524,3,524,Nevin Shell Heap.,Me.152/1
3_0525,3,525,Nevin Shell Heap.,Me.152/1
3_0526,3,526,Nevin Shell Heap.,Me.152/1
3_0527,3,527,Nevin Shell Heap.,Me.152/1
3_0528,3,528,Nevin Shell Heap.,Me.152/1
3_0530,3,530,Nevin Shell Heap.,Me.152/1
3_0533,3,533,Nevin Shell Heap.,Me.152/1
3_0534,3,534,Nevin Shell Heap.,Me.152/1
3_0535,3,535,Nevin Shell Heap.,Me.152/1
3_0537,3,537,Nevin Shell Heap.,Me.152/1
3_0538,3,538,Nevin Shell Heap.,Me.152/1
3_0539,3,539,Nevin Shell Heap.,Me.152/1
3_0540,3,540,Nevin Shell Heap.,Me.152/1
3_0541,3,541,Nevin Shell Heap.,Me.152/1
3_0542,3,542,Nevin Shell Heap.,Me.152/1
3_0544,3,544,Nevin Shell Heap.,Me.152/1
3_0545,3,545,Nevin Shell Heap.,Me.152/1
3_0546,3,546,Nevin Shell Heap.,Me.152/1
3_0547,3,547,Nevin Shell Heap.,Me.152/1
3_0548,3,548,Nevin Shell Heap.,Me.152/1
3_0549,3,549,Nevin Shell Heap.,Me.152/1
3_0550,3,550,Nevin Shell Heap.,Me.152/1
3_0551,3,551,Nevin Shell Heap.,Me.152/1
3_0552,3,552,Nevin Shell Heap.,Me.152/1
3_0553,3,553,Nevin Shell Heap.,Me.152/1
3_0554,3,554,Nevin Shell Heap.,Me.152/1
3_0555,3,555,Nevin Shell Heap.,Me.152/1
3_0556,3,556,Nevin Shell Heap.,Me.152/1
3_0557,3,557,Nevin Shell Heap.,Me.152/1
3_0558,3,558,Nevin Shell Heap.,Me.152/1
3_0559,3,559,Nevin Shell Heap.,Me.152/1
3_0560,3,560,Nevin Shell Heap.,Me.152/1
3_0561,3,561,Nevin Shell Heap.,Me.152/1
3_0562,3,562,Nevin Shell Heap.,Me.152/1
3_0563,3,563,Nevin Shell Heap.,Me.152/1
3_0564,3,564,Nevin Shell Heap.,Me.152/1
3_0565,3,565,Nevin Shell Heap.,Me.152/1
3_0566,3,566,Nevin Shell Heap.,Me.152/1
3_0567,3,567,Nevin Shell Heap.,Me.152/1
3_0568,3,568,Nevin Shell Heap.,Me.152/1
3_0569,3,569,Nevin Shell Heap.,Me.152/1
3_0570,3,570,Nevin Shell Heap.,Me.152/1
3_0571,3,571,Nevin Shell Heap.,Me.152/1
3_0572,3,572,Nevin Shell Heap.,Me.152/1
3_0573,3,573,Nevin Shell Heap.,Me.152/1
3_0574,3,574,Nevin Shell Heap.,Me.152/1
3_0575,3,575,Nevin Shell Heap.,Me.152/1
3_0576,3,576,Nevin Shell Heap.,Me.152/1
3_0577,3,577,Nevin Shell Heap.,Me.152/1
3_0578,3,578,Nevin Shell Heap.,Me.152/1
3_0579,3,579,Nevin Shell Heap.,Me.152/1
3_0580,3,580,Nevin Shell Heap.,Me.152/1
3_0581,3,581,Nevin Shell Heap.,Me.152/1
3_0582,3,582,Nevin Shell Heap.,Me.152/1
3_0583,3,583,Nevin Shell Heap.,Me.152/1
3_0584,3,584,Nevin Shell Heap.,Me.152/1
3_0585,3,585,Nevin Shell Heap.,Me.152/1
3_0586,3,586,Nevin Shell Heap.,Me.152/1
3_0588,3,588,Nevin Shell Heap.,Me.152/1
3_0589,3,589,Nevin Shell Heap.,Me.152/1
3_0590,3,590,Nevin Shell Heap.,Me.152/1
3_0591,3,591,Nevin Shell Heap.,Me.152/1
3_0592,3,592,Nevin Shell Heap.,Me.152/1
3_0593,3,593,Nevin Shell Heap.,Me.152/1
3_0594,3,594,Nevin Shell Heap.,Me.152/1
3_0595,3,595,Nevin Shell Heap.,Me.152/1
3_0596,3,596,Nevin Shell Heap.,Me.152/1
3_0597,3,597,Nevin Shell Heap.,Me.152/1
3_0598,3,598,Nevin Shell Heap.,Me.152/1
3_0599,3,599,Nevin Shell Heap.,Me.152/1
3_0600,3,600,Nevin Shell Heap.,Me.152/1
3_0603,3,603,Nevin Shell Heap.,Me.152/1
3_0604,3,604,Nevin Shell Heap.,Me.152/1
3_0605,3,605,Nevin Shell Heap.,Me.152/1
3_0606,3,606,Nevin Shell Heap.,Me.152/1
3_0607,3,607,Nevin Shell Heap.,Me.152/1
3_0608,3,608,Nevin Shell Heap.,Me.152/1
3_0609,3,609,Nevin Shell Heap.,Me.152/1
3_0610,3,610,Nevin Shell Heap.,Me.152/1
3_0611,3,611,Nevin Shell Heap.,Me.152/1
3_0612,3,612,Nevin Shell Heap.,Me.152/1
3_0613,3,613,Nevin Shell Heap.,Me.152/1
3_0614,3,614,Nevin Shell Heap.,Me.152/1
3_0615,3,615,Nevin Shell Heap.,Me.152/1
3_0616,3,616,Nevin Shell Heap.,Me.152/1
3_0617,3,617,Nevin Shell Heap.,Me.152/1
3_0618,3,618,Nevin Shell Heap.,Me.152/1
3_0619,3,619,Nevin Shell Heap.,Me.152/1
3_0620,3,620,Nevin Shell Heap.,Me.152/1
3_0621,3,621,Nevin Shell Heap.,Me.152/1
3_0622,3,622,Nevin Shell Heap.,Me.152/1
3_0623,3,623,Nevin Shell Heap.,Me.152/1
3_0624,3,624,Nevin Shell Heap.,Me.152/1
3_0625,3,625,Nevin Shell Heap.,Me.152/1
3_0626,3,626,Nevin Shell Heap.,Me.152/1
3_0627,3,627,Nevin Shell Heap.,Me.152/1
3_0628,3,628,Nevin Shell Heap.,Me.152/1
3_0629,3,629,Nevin Shell Heap.,Me.152/1
3_0630,3,630,Nevin Shell Heap.,Me.152/1
3_0631,3,631,Nevin Shell Heap.,Me.152/1
3_0632,3,632,Nevin Shell Heap.,Me.152/1
3_0633,3,633,Nevin Shell Heap.,Me.152/1
3_0634,3,634,Nevin Shell Heap.,Me.152/1
3_0635,3,635,Nevin Shell Heap.,Me.152/1
3_0636,3,636,Nevin Shell Heap.,Me.152/1
3_0637,3,637,Nevin Shell Heap.,Me.152/1
3_0638,3,638,Nevin Shell Heap.,Me.152/1
3_0639,3,639,Nevin Shell Heap.,Me.152/1
3_0640,3,640,Nevin Shell Heap.,Me.152/1
3_0641,3,641,Nevin Shell Heap.,Me.152/1
3_0642,3,642,Nevin Shell Heap.,Me.152/1
3_0644,3,644,Nevin Shell Heap.,Me.152/1
3_0645,3,645,Nevin Shell Heap.,Me.152/1
3_0646,3,646,Nevin Shell Heap.,Me.152/1
3_0647,3,647,Nevin Shell Heap.,Me.152/1
3_0649,3,649,Nevin Shell Heap.,Me.152/1
3_0650,3,650,Nevin Shell Heap.,Me.152/1
3_0651,3,651,Nevin Shell Heap.,Me.152/1
3_0653,3,653,Nevin Shell Heap.,Me.152/1
3_0654,3,654,Nevin Shell Heap.,Me.152/1
3_0655,3,655,Nevin Shell Heap.,Me.152/1
3_0656,3,656,Nevin Shell Heap.,Me.152/1
3_0657,3,657,Nevin Shell Heap.,Me.152/1
3_0658,3,658,Nevin Shell Heap.,Me.152/1
3_0659,3,659,Nevin Shell Heap.,Me.152/1
3_0660,3,660,Nevin Shell Heap.,Me.152/1
3_0661,3,661,Nevin Shell Heap.,Me.152/1
3_0662,3,662,Nevin Shell Heap.,Me.152/1
3_0663,3,663,Nevin Shell Heap.,Me.152/1
3_0664,3,664,Nevin Shell Heap.,Me.152/1
3_0665,3,665,Nevin Shell Heap.,Me.152/1
3_0666,3,666,Nevin Shell Heap.,Me.152/1
3_0670,3,670,Nevin Shell Heap.,Me.152/1
3_0671,3,671,Nevin Shell Heap.,Me.152/1
3_0672,3,672,Nevin Shell Heap.,Me.152/1
3_0673,3,673,Nevin Shell Heap.,Me.152/1
3_0674,3,674,Nevin Shell Heap.,Me.152/1
3_0675,3,675,Nevin Shell Heap.,Me.152/1
3_0676,3,676,Nevin Shell Heap.,Me.152/1
3_0677,3,677,Nevin Shell Heap.,Me.152/1
3_0678,3,678,Nevin Shell Heap.,Me.152/1
3_0679,3,679,Nevin Shell Heap.,Me.152/1
3_0680,3,680,Nevin Shell Heap.,Me.152/1
3_0681,3,681,Nevin Shell Heap.,Me.152/1
3_0682,3,682,Nevin Shell Heap.,Me.152/1
3_0683,3,683,Nevin Shell Heap.,Me.152/1
3_0684,3,684,Nevin Shell Heap.,Me.152/1
3_0685,3,685,Nevin Shell Heap.,Me.152/1
3_0686,3,686,Nevin Shell Heap.,Me.152/1
3_0687,3,687,Nevin Shell Heap.,Me.152/1
3_0688,3,688,Nevin Shell Heap.,Me.152/1
3_0689,3,689,Nevin Shell Heap.,Me.152/1
3_0690,3,690,Nevin Shell Heap.,Me.152/1
3_0691,3,691,Nevin Shell Heap.,Me.152/1
3_0692,3,692,Nevin Shell Heap.,Me.152/1
3_0693,3,693,Nevin Shell Heap.,Me.152/1
3_0694,3,694,Nevin Shell Heap.,Me.152/1
3_0695,3,695,Nevin Shell Heap.,Me.152/1
3_0696,3,696,Nevin Shell Heap.,Me.152/1
3_0697,3,697,Nevin Shell Heap.,Me.152/1
3_0698,3,698,Nevin Shell Heap.,Me.152/1
3_0699,3,699,Nevin Shell Heap.,Me.152/1
3_0700,3,700,Nevin Shell Heap.,Me.152/1
3_0701,3,701,Nevin Shell Heap.,Me.152/1
3_0702,3,702,Nevin Shell Heap.,Me.152/1
3_0703,3,703,Nevin Shell Heap.,Me.152/1
3_0704,3,704,Nevin Shell Heap.,Me.152/1
3_0705,3,705,Nevin Shell Heap.,Me.152/1
3_0706,3,706,Nevin Shell Heap.,Me.152/1
3_0709,3,709,Nevin Shell Heap.,Me.152/1
3_0710,3,710,Nevin Shell Heap.,Me.152/1
3_0711,3,711,Nevin Shell Heap.,Me.152/1
3_0712,3,712,Nevin Shell Heap.,Me.152/1
3_0713,3,713,Nevin Shell Heap.,Me.152/1
3_0714,3,714,Nevin Shell Heap.,Me.152/1
3_0715,3,715,Nevin Shell Heap.,Me.152/1
3_0716,3,716,Nevin Shell Heap.,Me.152/1
3_0717,3,717,Nevin Shell Heap.,Me.152/1
3_0721,3,721,Nevin Shell Heap.,Me.152/1
3_0722,3,722,Nevin Shell Heap.,Me.152/1
3_0723,3,723,Nevin Shell Heap.,Me.152/1
3_0724,3,724,Nevin Shell Heap.,Me.152/1
3_0725,3,725,Nevin Shell Heap.,Me.152/1
3_0726,3,726,Nevin Shell Heap.,Me.152/1
3_0727,3,727,Nevin Shell Heap.,Me.152/1
3_0728,3,728,Nevin Shell Heap.,Me.152/1
3_0729,3,729,Nevin Shell Heap.,Me.152/1
3_0730,3,730,Nevin Shell Heap.,Me.152/1
3_0731,3,731,Nevin Shell Heap.,Me.152/1
3_0732,3,732,Nevin Shell Heap.,Me.152/1
3_0733,3,733,Nevin Shell Heap.,Me.152/1
3_0734,3,734,Nevin Shell Heap.,Me.152/1
3_0735,3,735,Nevin Shell Heap.,Me.152/1
3_0736,3,736,Nevin Shell Heap.,Me.152/1
3_0737,3,737,Nevin Shell Heap.,Me.152/1
3_0738,3,738,Nevin Shell Heap.,Me.152/1
3_0739,3,739,Nevin Shell Heap.,Me.152/1
3_0740,3,740,Nevin Shell Heap.,Me.152/1
3_0741,3,741,Nevin Shell Heap.,Me.152/1
3_0742,3,742,Nevin Shell Heap.,Me.152/1
3_0743,3,743,Nevin Shell Heap.,Me.152/1
3_0744,3,744,Nevin Shell Heap.,Me.152/1
3_0745,3,745,Nevin Shell Heap.,Me.152/1
3_0746,3,746,Nevin Shell Heap.,Me.152/1
3_0747,3,747,Nevin Shell Heap.,Me.152/1
3_0748,3,748,Nevin Shell Heap.,Me.152/1
3_0749,3,749,Nevin Shell Heap.,Me.152/1
3_0750,3,750,Nevin Shell Heap.,Me.152/1
3_0751,3,751,Nevin Shell Heap.,Me.152/1
3_0752,3,752,Nevin Shell Heap.,Me.152/1
3_0753,3,753,Nevin Shell Heap.,Me.152/1
3_0754,3,754,Nevin Shell Heap.,Me.152/1
3_0755,3,755,Nevin Shell Heap.,Me.152/1
3_0756,3,756,Nevin Shell Heap.,Me.152/1
3_0757,3,757,Nevin Shell Heap.,Me.152/1
3_0758,3,758,Nevin Shell Heap.,Me.152/1
3_0759,3,759,Nevin Shell Heap.,Me.152/1
3_0760,3,760,Nevin Shell Heap.,Me.152/1
3_0761,3,761,Nevin Shell Heap.,Me.152/1
3_0762,3,762,Nevin Shell Heap.,Me.152/1
3_0764,3,764,Nevin Shell Heap.,Me.152/1
3_0765,3,765,Nevin Shell Heap.,Me.152/1
3_0766,3,766,Nevin Shell Heap.,Me.152/1
3_0767,3,767,Nevin Shell Heap.,Me.152/1
3_0768,3,768,Nevin Shell Heap.,Me.152/1
3_0769,3,769,Nevin Shell Heap.,Me.152/1
3_0770,3,770,Nevin Shell Heap.,Me.152/1
3_0771,3,771,Nevin Shell Heap.,Me.152/1
3_0772,3,772,Nevin Shell Heap.,Me.152/1
3_0773,3,773,Nevin Shell Heap.,Me.152/1
3_0774,3,774,Nevin Shell Heap.,Me.152/1
3_0775,3,775,Nevin Shell Heap.,Me.152/1
3_0776,3,776,Nevin Shell Heap.,Me.152/1
3_0778,3,778,Nevin Shell Heap.,Me.152/1
3_0780,3,780,Nevin Shell Heap.,Me.152/1
3_0781,3,781,Nevin Shell Heap.,Me.152/1
3_0782,3,782,Nevin Shell Heap.,Me.152/1
3_0785,3,785,Nevin Shell Heap.,Me.152/1
3_0786,3,786,Nevin Shell Heap.,Me.152/1
3_0787,3,787,Nevin Shell Heap.,Me.152/1
3_0788,3,788,Nevin Shell Heap.,Me.152/1
3_0789,3,789,Nevin Shell Heap.,Me.152/1
3_0790,3,790,Nevin Shell Heap.,Me.152/1
3_0791,3,791,Nevin Shell Heap.,Me.152/1
3_0792,3,792,Nevin Shell Heap.,Me.152/1
3_0793,3,793,Nevin Shell Heap.,Me.152/1
3_0818,3,818,Nevin Shell Heap.,Me.152/1
3_0819,3,819,Nevin Shell Heap.,Me.152/1
3_0820,3,820,Nevin Shell Heap.,Me.152/1
3_0821,3,821,Nevin Shell Heap.,Me.152/1
3_0822,3,822,Nevin Shell Heap.,Me.152/1
3_0823,3,823,Nevin Shell Heap.,Me.152/1
3_0824,3,824,Nevin Shell Heap.,Me.152/1
3_0825,3,825,Nevin Shell Heap.,Me.152/1
3_0826,3,826,Nevin Shell Heap.,Me.152/1
3_0827,3,827,Nevin Shell Heap.,Me.152/1
3_0828,3,828,Nevin Shell Heap.,Me.152/1
3_0829,3,829,Nevin Shell Heap.,Me.152/1
3_0830,3,830,Nevin Shell Heap.,Me.152/1
3_0831,3,831,Nevin Shell Heap.,Me.152/1
3_0832,3,832,Nevin Shell Heap.,Me.152/1
3_0833,3,833,Nevin Shell Heap.,Me.152/1
3_0834,3,834,Nevin Shell Heap.,Me.152/1
3_0835,3,835,Nevin Shell Heap.,Me.152/1
3_0836,3,836,Nevin Shell Heap.,Me.152/1
3_0837,3,837,Nevin Shell Heap.,Me.152/1
3_0838,3,838,Nevin Shell Heap.,Me.152/1
3_0839,3,839,Nevin Shell Heap.,Me.152/1
3_0840,3,840,Nevin Shell Heap.,Me.152/1
3_0841,3,841,Nevin Shell Heap.,Me.152/1
3_0842,3,842,Nevin Shell Heap.,Me.152/1
3_0843,3,843,Nevin Shell Heap.,Me.152/1
3_0844,3,844,Nevin Shell Heap.,Me.152/1
3_0845,3,845,Nevin Shell Heap.,Me.152/1
3_0846,3,846,Nevin Shell Heap.,Me.152/1
3_0847,3,847,Nevin Shell Heap.,Me.152/1
3_0848,3,848,Nevin Shell Heap.,Me.152/1
3_0849,3,849,Nevin Shell Heap.,Me.152/1
3_0850,3,850,Nevin Shell Heap.,Me.152/1
3_0851,3,851,Nevin Shell Heap.,Me.152/1
3_0852,3,852,Nevin Shell Heap.,Me.152/1
3_0853,3,853,Nevin Shell Heap.,Me.152/1
3_0854,3,854,Nevin Shell Heap.,Me.152/1
3_0855,3,855,Nevin Shell Heap.,Me.152/1
3_0856,3,856,Nevin Shell Heap.,Me.152/1
3_0857,3,857,Nevin Shell Heap.,Me.152/1
3_0858,3,858,Nevin Shell Heap.,Me.152/1
3_0859,3,859,Nevin Shell Heap.,Me.152/1
3_0860,3,860,Nevin Shell Heap.,Me.152/1
3_0861,3,861,Nevin Shell Heap.,Me.152/1
3_0862,3,862,Nevin Shell Heap.,Me.152/1
3_0863,3,863,Nevin Shell Heap.,Me.152/1
3_0864,3,864,Nevin Shell Heap.,Me.152/1
3_0865,3,865,Nevin Shell Heap.,Me.152/1
3_0866,3,866,Nevin Shell Heap.,Me.152/1
3_0867,3,867,Nevin Shell Heap.,Me.152/1
3_0868,3,868,Nevin Shell Heap.,Me.152/1
3_0869,3,869,Nevin Shell Heap.,Me.152/1
3_0870,3,870,Nevin Shell Heap.,Me.152/1
3_0871,3,871,Nevin Shell Heap.,Me.152/1
3_0872,3,872,Nevin Shell Heap.,Me.152/1
3_0873,3,873,Nevin Shell Heap.,Me.152/1
3_0874,3,874,Nevin Shell Heap.,Me.152/1
3_0875,3,875,Nevin Shell Heap.,Me.152/1
3_0876,3,876,Nevin Shell Heap.,Me.152/1
3_0877,3,877,Nevin Shell Heap.,Me.152/1
3_0878,3,878,Nevin Shell Heap.,Me.152/1
3_0879,3,879,Nevin Shell Heap.,Me.152/1
3_0880,3,880,Nevin Shell Heap.,Me.152/1
3_0881,3,881,Nevin Shell Heap.,Me.152/1
3_0882,3,882,Nevin Shell Heap.,Me.152/1
3_0883,3,883,Nevin Shell Heap.,Me.152/1
3_0884,3,884,Nevin Shell Heap.,Me.152/1
3_0885,3,885,Nevin Shell Heap.,Me.152/1
3_0886,3,886,Nevin Shell Heap.,Me.152/1
3_0887,3,887,Nevin Shell Heap.,Me.152/1
3_0888,3,888,Nevin Shell Heap.,Me.152/1
3_0889,3,889,Nevin Shell Heap.,Me.152/1
3_0890,3,890,Nevin Shell Heap.,Me.152/1
3_0891,3,891,Nevin Shell Heap.,Me.152/1
3_0892,3,892,Nevin Shell Heap.,Me.152/1
3_0894,3,894,Nevin Shell Heap.,Me.152/1
3_0895,3,895,Nevin Shell Heap.,Me.152/1
3_0896,3,896,Nevin Shell Heap.,Me.152/1
3_0897,3,897,Nevin Shell Heap.,Me.152/1
3_0898,3,898,Nevin Shell Heap.,Me.152/1
3_0899,3,899,Nevin Shell Heap.,Me.152/1
3_0900,3,900,Nevin Shell Heap.,Me.152/1
3_0901,3,901,Nevin Shell Heap.,Me.152/1
3_0902,3,902,Nevin Shell Heap.,Me.152/1
3_0903,3,903,Nevin Shell Heap.,Me.152/1
3_0904,3,904,Nevin Shell Heap.,Me.152/1
3_0905,3,905,Nevin Shell Heap.,Me.152/1
3_0906,3,906,Nevin Shell Heap.,Me.152/1
3_0907,3,907,Nevin Shell Heap.,Me.152/1
3_0908,3,908,Nevin Shell Heap.,Me.152/1
3_0910,3,910,Nevin Shell Heap.,Me.152/1
3_0911,3,911,Nevin Shell Heap.,Me.152/1
3_0912,3,912,Nevin Shell Heap.,Me.152/1
3_0913,3,913,Nevin Shell Heap.,Me.152/1
3_0914,3,914,Nevin Shell Heap.,Me.152/1
3_0915,3,915,Nevin Shell Heap.,Me.152/1
3_0916,3,916,Nevin Shell Heap.,Me.152/1
3_0917,3,917,Nevin Shell Heap.,Me.152/1
3_0918,3,918,Nevin Shell Heap.,Me.152/1
3_0919,3,919,Nevin Shell Heap.,Me.152/1
3_0920,3,920,Nevin Shell Heap.,Me.152/1
3_0921,3,921,Nevin Shell Heap.,Me.152/1
3_0922,3,922,Nevin Shell Heap.,Me.152/1
3_0923,3,923,Nevin Shell Heap.,Me.152/1
3_0924,3,924,Nevin Shell Heap.,Me.152/1
3_0925,3,925,Nevin Shell Heap.,Me.152/1
3_0926,3,926,Nevin Shell Heap.,Me.152/1
3_0927,3,927,Nevin Shell Heap.,Me.152/1
3_0928,3,928,Nevin Shell Heap.,Me.152/1
3_0929,3,929,Nevin Shell Heap.,Me.152/1
3_0930,3,930,Nevin Shell Heap.,Me.152/1
3_0931,3,931,Nevin Shell Heap.,Me.152/1
3_0932,3,932,Nevin Shell Heap.,Me.152/1
3_0933,3,933,Nevin Shell Heap.,Me.152/1
3_0934,3,934,Nevin Shell Heap.,Me.152/1
3_0935,3,935,Nevin Shell Heap.,Me.152/1
3_0936,3,936,Nevin Shell Heap.,Me.152/1
3_0937,3,937,Nevin Shell Heap.,Me.152/1
3_0938,3,938,Nevin Shell Heap.,Me.152/1
3_0939,3,939,Nevin Shell Heap.,Me.152/1
3_0940,3,940,Nevin Shell Heap.,Me.152/1
3_0941,3,941,Nevin Shell Heap.,Me.152/1
3_0942,3,942,Nevin Shell Heap.,Me.152/1
3_0943,3,943,Nevin Shell Heap.,Me.152/1
3_0944,3,944,Nevin Shell Heap.,Me.152/1
3_0946,3,946,Nevin Shell Heap.,Me.152/1
3_0947,3,947,Nevin Shell Heap.,Me.152/1
3_0948,3,948,Nevin Shell Heap.,Me.152/1
3_0949,3,949,Nevin Shell Heap.,Me.152/1
3_0950,3,950,Nevin Shell Heap.,Me.152/1
3_0951,3,951,Nevin Shell Heap.,Me.152/1
3_0952,3,952,Nevin Shell Heap.,Me.152/1
3_0953,3,953,Nevin Shell Heap.,Me.152/1
3_0954,3,954,Nevin Shell Heap.,Me.152/1
3_0955,3,955,Nevin Shell Heap.,Me.152/1
3_0956,3,956,Nevin Shell Heap.,Me.152/1
3_0957,3,957,Nevin Shell Heap.,Me.152/1
3_0958,3,958,Nevin Shell Heap.,Me.152/1
3_0959,3,959,Nevin Shell Heap.,Me.152/1
3_0960,3,960,Nevin Shell Heap.,Me.152/1
3_0961,3,961,Nevin Shell Heap.,Me.152/1
3_0962,3,962,Nevin Shell Heap.,Me.152/1
3_0963,3,963,Nevin Shell Heap.,Me.152/1
3_0964,3,964,Nevin Shell Heap.,Me.152/1
3_0965,3,965,Nevin Shell Heap.,Me.152/1
3_0966,3,966,Nevin Shell Heap.,Me.152/1
3_0968,3,968,Nevin Shell Heap.,Me.152/1
3_0969,3,969,Nevin Shell Heap.,Me.152/1
3_0970,3,970,Nevin Shell Heap.,Me.152/1
3_0971,3,971,Nevin Shell Heap.,Me.152/1
3_0972,3,972,Nevin Shell Heap.,Me.152/1
3_0973,3,973,Nevin Shell Heap.,Me.152/1
3_0974,3,974,Nevin Shell Heap.,Me.152/1
3_0975,3,975,Nevin Shell Heap.,Me.152/1
3_0976,3,976,Nevin Shell Heap.,Me.152/1
3_0977,3,977,Nevin Shell Heap.,Me.152/1
3_0995,3,995,Nevin Shell Heap.,Me.152/1
3_0996,3,996,Nevin Shell Heap.,Me.152/1
3_0997,3,997,Nevin Shell Heap.,Me.152/1
3_0998,3,998,Nevin Shell Heap.,Me.152/1
3_0999,3,999,Nevin Shell Heap.,Me.152/1
3_0796,3,796,Nevin Shell Heap.,Me.152/1
3_0797,3,797,Nevin Shell Heap.,Me.152/1
3_0798,3,798,Nevin Shell Heap.,Me.152/1
3_0799,3,799,Nevin Shell Heap.,Me.152/1
3_0800,3,800,Nevin Shell Heap.,Me.152/1
3_0801,3,801,Nevin Shell Heap.,Me.152/1
3_0802,3,802,Nevin Shell Heap.,Me.152/1
3_0803,3,803,Nevin Shell Heap.,Me.152/1
3_0804,3,804,Nevin Shell Heap.,Me.152/1
3_0805,3,805,Nevin Shell Heap.,Me.152/1
3_0806,3,806,Nevin Shell Heap.,Me.152/1
3_0807,3,807,Nevin Shell Heap.,Me.152/1
3_0808,3,808,Nevin Shell Heap.,Me.152/1
3_0809,3,809,Nevin Shell Heap.,Me.152/1
3_0810,3,810,Nevin Shell Heap.,Me.152/1
3_0813,3,813,Nevin Shell Heap.,Me.152/1
3_0814,3,814,Nevin Shell Heap.,Me.152/1
3_0815,3,815,Nevin Shell Heap.,Me.152/1
3_1004,3,1004,Nevin Shell Heap.,Me.152/1
3_0794,3,794,Nevin Shell Heap.,Me.152/1
3_0795,3,795,Nevin Shell Heap.,Me.152/1
3_0978,3,978,Nevin Shell Heap.,Me.152/1
3_0979,3,979,Nevin Shell Heap.,Me.152/1
3_0983,3,983,Nevin Shell Heap.,Me.152/1
3_0984,3,984,Nevin Shell Heap.,Me.152/1
3_0985,3,985,Nevin Shell Heap.,Me.152/1
3_0986,3,986,Nevin Shell Heap.,Me.152/1
3_0987,3,987,Nevin Shell Heap.,Me.152/1
3_0988,3,988,Nevin Shell Heap.,Me.152/1
3_0989,3,989,Nevin Shell Heap.,Me.152/1
3_0990,3,990,Nevin Shell Heap.,Me.152/1
3_0991,3,991,Nevin Shell Heap.,Me.152/1
3_0992,3,992,Nevin Shell Heap.,Me.152/1
3_0993,3,993,Nevin Shell Heap.,Me.152/1
3_0994,3,994,Nevin Shell Heap.,Me.152/1
3_0816,3,816,Nevin Shell Heap.,Me.152/1
3_0811,3,811,Nevin Shell Heap.,Me.152/1
3_0812,3,812,Nevin Shell Heap.,Me.152/1
3_0981,3,981,Nevin Shell Heap.,Me.152/1
3_0982,3,982,Nevin Shell Heap.,Me.152/1
3_0708,3,708,Nevin Shell Heap.,Me.152/1
3_0763,3,763,Nevin Shell Heap.,Me.152/1
3_0779,3,779,Nevin Shell Heap.,Me.152/1
3_0980,3,980,Nevin Shell Heap.,Me.152/1
3_0909,3,909,Nevin Shell Heap.,Me.152/1
3_0602,3,602,Nevin Shell Heap.,Me.152/1
3_0669,3,669,Nevin Shell Heap.,Me.152/1
3_0601,3,601,Nevin Shell Heap.,Me.152/1
3_0945,3,945,Nevin Shell Heap.,Me.152/1
3_0543,3,543,Nevin Shell Heap.,Me.152/1
3_0719,3,719,Nevin Shell Heap.,Me.152/1
3_0668,3,668,Nevin Shell Heap.,Me.152/1
3_0718,3,718,Nevin Shell Heap.,Me.152/1
3_0707,3,707,Nevin Shell Heap.,Me.152/1
3_0967,3,967,Nevin Shell Heap.,Me.152/1
3_0643,3,643,Nevin Shell Heap.,Me.152/1
3_0648,3,648,Nevin Shell Heap.,Me.152/1
3_0529,3,529,Nevin Shell Heap.,Me.152/1
1_0001,1,1,Squibnocket Cliff.,
1_0002,1,2,Squibnocket Cliff.,
1_0003,1,3,Squibnocket Cliff.,
1_0014,1,14,Squibnocket Cliff.,
1_0004,1,4,Squibnocket Cliff.,
1_0015,1,15,Squibnocket Cliff.,
1_0005,1,5,Squibnocket Cliff.,
1_0006,1,6,Squibnocket Cliff.,
1_0016,1,16,Squibnocket Cliff.,
1_0007,1,7,Squibnocket Cliff.,
1_0017,1,17,Squibnocket Cliff.,
1_0008,1,8,Squibnocket Cliff.,
1_0018,1,18,Squibnocket Cliff.,
1_0009,1,9,Squibnocket Cliff.,
1_0010,1,10,Squibnocket Cliff.,
1_0011,1,11,Squibnocket Cliff.,
1_0019,1,19,Squibnocket Cliff.,
1_0012,1,12,Squibnocket Cliff.,
1_0020,1,20,Squibnocket Cliff.,
1_0013,1,13,Squibnocket Cliff.,
1_0021,1,21,Squibnocket Cliff.,
1_0023,1,23,Squibnocket Cliff.,
1_0035,1,35,Squibnocket Cliff.,
1_0022,1,22,Squibnocket Cliff.,
1_0024,1,24,Squibnocket Cliff.,
1_0036,1,36,Squibnocket Cliff.,
1_0025,1,25,Squibnocket Cliff.,
1_0026,1,26,Squibnocket Cliff.,
1_0037,1,37,Squibnocket Cliff.,
1_0038,1,38,Squibnocket Cliff.,
1_0027,1,27,Squibnocket Cliff.,
1_0039,1,39,Squibnocket Cliff.,
1_0028,1,28,Squibnocket Cliff.,
1_0029,1,29,Squibnocket Cliff.,
1_0040,1,40,Squibnocket Cliff.,
1_0030,1,30,Squibnocket Cliff.,
1_0031,1,31,Squibnocket Cliff.,
1_0041,1,41,Squibnocket Cliff.,
1_0032,1,32,Squibnocket Cliff.,
1_0042,1,42,Squibnocket Cliff.,
1_0033,1,33,Squibnocket Cliff.,
1_0034,1,34,Squibnocket Cliff.,
1_0043,1,43,Squibnocket Cliff.,
1_0044,1,44,Squibnocket Cliff.,
2_0067,2,67,Hornblower Shell Heap.,
1_0045,1,45,Squibnocket Cliff.,
1_0046,1,46,Squibnocket Cliff.,
2_0068,2,68,Hornblower Shell Heap.,
1_0047,1,47,Squibnocket Cliff.,
1_0048,1,48,Squibnocket Cliff.,
1_0049,1,49,Squibnocket Cliff.,
2_0069,2,69,Hornblower Shell Heap.,
1_0050,1,50,Squibnocket Cliff.,
1_0051,1,51,Squibnocket Cliff.,
1_0052,1,52,Squibnocket Cliff.,
2_0070,2,70,Hornblower Shell Heap.,
1_0053,1,53,Squibnocket Cliff.,
2_0071,2,71,Hornblower Shell Heap.,
1_0054,1,54,Squibnocket Cliff.,
2_0072,2,72,Hornblower Shell Heap.,
1_0055,1,55,Squibnocket Cliff.,
2_0073,2,73,Hornblower Shell Heap.,
1_0056,1,56,Squibnocket Cliff.,
2_0074,2,74,Hornblower Shell Heap.,
1_0057,1,57,Squibnocket Cliff.,
1_0058,1,58,Squibnocket Cliff.,
2_0075,2,75,Hornblower Shell Heap.,
1_0059,1,59,Squibnocket Cliff.,
1_0060,1,60,Squibnocket Cliff.,
2_0088,2,88,Hornblower Shell Heap.,
1_0061,1,61,Squibnocket Cliff.,
1_0062,1,62,Squibnocket Cliff.,
2_0085,2,85,Hornblower Shell Heap.,
1_0063,1,63,Squibnocket Cliff.,
1_0064,1,64,Squibnocket Cliff.,
1_0065,1,65,Squibnocket Cliff.,
1_0066,1,66,Squibnocket Cliff.,
2_0076,2,76,Hornblower Shell Heap.,
2_0077,2,77,Hornblower Shell Heap.,
2_0100,2,100,Hornblower Shell Heap.,
2_0078,2,78,Hornblower Shell Heap.,
2_0079,2,79,Hornblower Shell Heap.,
2_0101,2,101,Hornblower Shell Heap.,
2_0080,2,80,Hornblower Shell Heap.,
2_0081,2,81,Hornblower Shell Heap.,
2_0102,2,102,Hornblower Shell Heap.,
2_0082,2,82,Hornblower Shell Heap.,
2_0103,2,103,Hornblower Shell Heap.,
2_0083,2,83,Hornblower Shell Heap.,
2_0104,2,104,Hornblower Shell Heap.,
2_0084,2,84,Hornblower Shell Heap.,
2_0105,2,105,Hornblower Shell Heap.,
2_0086,2,86,Hornblower Shell Heap.,
2_0106,2,106,Hornblower Shell Heap.,
2_0087,2,87,Hornblower Shell Heap.,
2_0107,2,107,Hornblower Shell Heap.,
2_0108,2,108,Hornblower Shell Heap.,
2_0109,2,109,Hornblower Shell Heap.,
2_0089,2,89,Hornblower Shell Heap.,
2_0090,2,90,Hornblower Shell Heap.,
2_0110,2,110,Hornblower Shell Heap.,
2_0091,2,91,Hornblower Shell Heap.,
2_0111,2,111,Hornblower Shell Heap.,
2_0112,2,112,Hornblower Shell Heap.,
2_0092,2,92,Hornblower Shell Heap.,
2_0113,2,113,Hornblower Shell Heap.,
2_0093,2,93,Hornblower Shell Heap.,
2_0094,2,94,Hornblower Shell Heap.,
2_0129,2,129,Hornblower Shell Heap.,
2_0095,2,95,Hornblower Shell Heap.,
2_0096,2,96,Hornblower Shell Heap.,
2_0114,2,114,Hornblower Shell Heap.,
2_0097,2,97,Hornblower Shell Heap.,
2_0098,2,98,Hornblower Shell Heap.,
2_0115,2,115,Hornblower Shell Heap.,
2_0099,2,99,Hornblower Shell Heap.,
2_0130,2,130,Hornblower Shell Heap.,
2_0167,2,167,Hornblower Shell Heap.,
2_0116,2,116,Hornblower Shell Heap.,
2_0131,2,131,Hornblower Shell Heap.,
2_0168,2,168,Hornblower Shell Heap.,
2_0132,2,132,Hornblower Shell Heap.,
2_0169,2,169,Hornblower Shell Heap.,
2_0133,2,133,Hornblower Shell Heap.,
2_0170,2,170,Hornblower Shell Heap.,
2_0146,2,146,Hornblower Shell Heap.,
2_0117,2,117,Hornblower Shell Heap.,
2_0171,2,171,Hornblower Shell Heap.,
2_0147,2,147,Hornblower Shell Heap.,
2_0118,2,118,Hornblower Shell Heap.,
2_0172,2,172,Hornblower Shell Heap.,
2_0148,2,148,Hornblower Shell Heap.,
2_0119,2,119,Hornblower Shell Heap.,
2_0149,2,149,Hornblower Shell Heap.,
2_0173,2,173,Hornblower Shell Heap.,
2_0120,2,120,Hornblower Shell Heap.,
2_0174,2,174,Hornblower Shell Heap.,
2_0150,2,150,Hornblower Shell Heap.,
2_0151,2,151,Hornblower Shell Heap.,
2_0121,2,121,Hornblower Shell Heap.,
2_0175,2,175,Hornblower Shell Heap.,
2_0152,2,152,Hornblower Shell Heap.,
2_0122,2,122,Hornblower Shell Heap.,
2_0176,2,176,Hornblower Shell Heap.,
2_0123,2,123,Hornblower Shell Heap.,
2_0153,2,153,Hornblower Shell Heap.,
2_0177,2,177,Hornblower Shell Heap.,
2_0124,2,124,Hornblower Shell Heap.,
2_0125,2,125,Hornblower Shell Heap.,
2_0126,2,126,Hornblower Shell Heap.,
2_0127,2,127,Hornblower Shell Heap.,
2_0128,2,128,Hornblower Shell Heap.,
2_0154,2,154,Hornblower Shell Heap.,
2_0155,2,155,Hornblower Shell Heap.,
2_0178,2,178,Hornblower Shell Heap.,
2_0156,2,156,Hornblower Shell Heap.,
2_0157,2,157,Hornblower Shell Heap.,
2_0158,2,158,Hornblower Shell Heap.,
2_0179,2,179,Hornblower Shell Heap.,
2_0159,2,159,Hornblower Shell Heap.,
2_0183,2,183,Hornblower Shell Heap.,
2_0180,2,180,Hornblower Shell Heap.,
2_0136,2,136,Hornblower Shell Heap.,
2_0160,2,160,Hornblower Shell Heap.,
2_0181,2,181,Hornblower Shell Heap.,
2_0161,2,161,Hornblower Shell Heap.,
2_0162,2,162,Hornblower Shell Heap.,
2_0182,2,182,Hornblower Shell Heap.,
2_0163,2,163,Hornblower Shell Heap.,
2_0185,2,185,Hornblower Shell Heap.,
2_0134,2,134,Hornblower Shell Heap.,
2_0164,2,164,Hornblower Shell Heap.,
2_0135,2,135,Hornblower Shell Heap.,
2_0165,2,165,Hornblower Shell Heap.,
2_0137,2,137,Hornblower Shell Heap.,
2_0138,2,138,Hornblower Shell Heap.,
2_0139,2,139,Hornblower Shell Heap.,
2_0140,2,140,Hornblower Shell Heap.,
2_0141,2,141,Hornblower Shell Heap.,
2_0142,2,142,Hornblower Shell Heap.,
2_0200,2,200,Hornblower Shell Heap.,
2_0143,2,143,Hornblower Shell Heap.,
2_0144,2,144,Hornblower Shell Heap.,
2_0201,2,201,Hornblower Shell Heap.,
2_0145,2,145,Hornblower Shell Heap.,
2_0202,2,202,Hornblower Shell Heap.,
2_0166,2,166,Hornblower Shell Heap.,
2_0203,2,203,Hornblower Shell Heap.,
2_0204,2,204,Hornblower Shell Heap.,
2_0205,2,205,Hornblower Shell Heap.,
2_0206,2,206,Hornblower Shell Heap.,
2_0207,2,207,Hornblower Shell Heap.,
2_0208,2,208,Hornblower Shell Heap.,
2_0209,2,209,Hornblower Shell Heap.,
2_0210,2,210,Hornblower Shell Heap.,
2_0211,2,211,Hornblower Shell Heap.,
2_0212,2,212,Hornblower Shell Heap.,
2_0213,2,213,Hornblower Shell Heap.,
2_0214,2,214,Hornblower Shell Heap.,
2_0215,2,215,Hornblower Shell Heap.,
2_0216,2,216,Hornblower Shell Heap.,
2_0186,2,186,Hornblower Shell Heap.,
2_0187,2,187,Hornblower Shell Heap.,
2_0189,2,189,Hornblower Shell Heap.,
2_0190,2,190,Hornblower Shell Heap.,
2_0191,2,191,Hornblower Shell Heap.,
2_0192,2,192,Hornblower Shell Heap.,
2_0193,2,193,Hornblower Shell Heap.,
2_0194,2,194,Hornblower Shell Heap.,
2_0195,2,195,Hornblower Shell Heap.,
2_0196,2,196,Hornblower Shell Heap.,
2_0197,2,197,Hornblower Shell Heap.,
2_0198,2,198,Hornblower Shell Heap.,
2_0199,2,199,Hornblower Shell Heap.,
2_0301,2,301,Hornblower Shell Heap.,
2_0217,2,217,Hornblower Shell Heap.,
2_0302,2,302,Hornblower Shell Heap.,
2_0303,2,303,Hornblower Shell Heap.,
2_0218,2,218,Hornblower Shell Heap.,
2_0304,2,304,Hornblower Shell Heap.,
2_0305,2,305,Hornblower Shell Heap.,
2_0306,2,306,Hornblower Shell Heap.,
2_0307,2,307,Hornblower Shell Heap.,
2_0219,2,219,Hornblower Shell Heap.,
2_0308,2,308,Hornblower Shell Heap.,
2_0309,2,309,Hornblower Shell Heap.,
2_0310,2,310,Hornblower Shell Heap.,
2_0220,2,220,Hornblower Shell Heap.,
2_0311,2,311,Hornblower Shell Heap.,
2_0221,2,221,Hornblower Shell Heap.,
2_0312,2,312,Hornblower Shell Heap.,
2_0313,2,313,Hornblower Shell Heap.,
2_0314,2,314,Hornblower Shell Heap.,
2_0222,2,222,Hornblower Shell Heap.,
2_0315,2,315,Hornblower Shell Heap.,
2_0316,2,316,Hornblower Shell Heap.,
2_0223,2,223,Hornblower Shell Heap.,
2_0317,2,317,Hornblower Shell Heap.,
2_0318,2,318,Hornblower Shell Heap.,
2_0224,2,224,Hornblower Shell Heap.,
2_0319,2,319,Hornblower Shell Heap.,
2_0225,2,225,Hornblower Shell Heap.,
2_0320,2,320,Hornblower Shell Heap.,
2_0226,2,226,Hornblower Shell Heap.,
2_0321,2,321,Hornblower Shell Heap.,
2_0227,2,227,Hornblower Shell Heap.,
2_0322,2,322,Hornblower Shell Heap.,
2_0228,2,228,Hornblower Shell Heap.,
2_0323,2,323,Hornblower Shell Heap.,
2_0324,2,324,Hornblower Shell Heap.,
2_0229,2,229,Hornblower Shell Heap.,
2_0325,2,325,Hornblower Shell Heap.,
2_0230,2,230,Hornblower Shell Heap.,
2_0326,2,326,Hornblower Shell Heap.,
2_0231,2,231,Hornblower Shell Heap.,
2_0232,2,232,Hornblower Shell Heap.,
2_0327,2,327,Hornblower Shell Heap.,
2_0328,2,328,Hornblower Shell Heap.,
2_0233,2,233,Hornblower Shell Heap.,
2_0329,2,329,Hornblower Shell Heap.,
2_0234,2,234,Hornblower Shell Heap.,
2_0330,2,330,Hornblower Shell Heap.,
2_0331,2,331,Hornblower Shell Heap.,
2_0235,2,235,Hornblower Shell Heap.,
2_0332,2,332,Hornblower Shell Heap.,
2_0236,2,236,Hornblower Shell Heap.,
2_0333,2,333,Hornblower Shell Heap.,
2_0334,2,334,Hornblower Shell Heap.,
2_0335,2,335,Hornblower Shell Heap.,
2_0237,2,237,Hornblower Shell Heap.,
2_0336,2,336,Hornblower Shell Heap.,
2_0238,2,238,Hornblower Shell Heap.,
2_0337,2,337,Hornblower Shell Heap.,
2_0338,2,338,Hornblower Shell Heap.,
2_0239,2,239,Hornblower Shell Heap.,
2_0240,2,240,Hornblower Shell Heap.,
2_0339,2,339,Hornblower Shell Heap.,
2_0241,2,241,Hornblower Shell Heap.,
2_0340,2,340,Hornblower Shell Heap.,
2_0242,2,242,Hornblower Shell Heap.,
2_0341,2,341,Hornblower Shell Heap.,
2_0243,2,243,Hornblower Shell Heap.,
2_0244,2,244,Hornblower Shell Heap.,
2_0342,2,342,Hornblower Shell Heap.,
2_0245,2,245,Hornblower Shell Heap.,
2_0246,2,246,Hornblower Shell Heap.,
2_0343,2,343,Hornblower Shell Heap.,
2_0247,2,247,Hornblower Shell Heap.,
2_0344,2,344,Hornblower Shell Heap.,
2_0345,2,345,Hornblower Shell Heap.,
2_0346,2,346,Hornblower Shell Heap.,
2_0248,2,248,Hornblower Shell Heap.,
2_0249,2,249,Hornblower Shell Heap.,
2_0250,2,250,Hornblower Shell Heap.,
2_0251,2,251,Hornblower Shell Heap.,
2_0252,2,252,Hornblower Shell Heap.,
2_0347,2,347,Hornblower Shell Heap.,
2_0253,2,253,Hornblower Shell Heap.,
2_0348,2,348,Hornblower Shell Heap.,
2_0254,2,254,Hornblower Shell Heap.,
2_0255,2,255,Hornblower Shell Heap.,
2_0349,2,349,Hornblower Shell Heap.,
2_0256,2,256,Hornblower Shell Heap.,
2_0257,2,257,Hornblower Shell Heap.,
2_0350,2,350,Hornblower Shell Heap.,
2_0258,2,258,Hornblower Shell Heap.,
2_0259,2,259,Hornblower Shell Heap.,
2_0260,2,260,Hornblower Shell Heap.,
2_0351,2,351,Hornblower Shell Heap.,
2_0261,2,261,Hornblower Shell Heap.,
2_0262,2,262,Hornblower Shell Heap.,
2_0352,2,352,Hornblower Shell Heap.,
2_0263,2,263,Hornblower Shell Heap.,
2_0353,2,353,Hornblower Shell Heap.,
2_0354,2,354,Hornblower Shell Heap.,
2_0355,2,355,Hornblower Shell Heap.,
2_0264,2,264,Hornblower Shell Heap.,
2_0356,2,356,Hornblower Shell Heap.,
2_0288,2,288,Hornblower Shell Heap.,
2_0357,2,357,Hornblower Shell Heap.,
2_0265,2,265,Hornblower Shell Heap.,
2_0358,2,358,Hornblower Shell Heap.,
2_0289,2,289,Hornblower Shell Heap.,
2_0359,2,359,Hornblower Shell Heap.,
2_0360,2,360,Hornblower Shell Heap.,
2_0361,2,361,Hornblower Shell Heap.,
2_0290,2,290,Hornblower Shell Heap.,
2_0362,2,362,Hornblower Shell Heap.,
2_0363,2,363,Hornblower Shell Heap.,
2_0291,2,291,Hornblower Shell Heap.,
2_0292,2,292,Hornblower Shell Heap.,
2_0364,2,364,Hornblower Shell Heap.,
2_0365,2,365,Hornblower Shell Heap.,
2_0293,2,293,Hornblower Shell Heap.,
2_0366,2,366,Hornblower Shell Heap.,
2_0294,2,294,Hornblower Shell Heap.,
2_0295,2,295,Hornblower Shell Heap.,
2_0367,2,367,Hornblower Shell Heap.,
2_0266,2,266,Hornblower Shell Heap.,
2_0296,2,296,Hornblower Shell Heap.,
2_0368,2,368,Hornblower Shell Heap.,
2_0297,2,297,Hornblower Shell Heap.,
2_0369,2,369,Hornblower Shell Heap.,
2_0267,2,267,Hornblower Shell Heap.,
2_0298,2,298,Hornblower Shell Heap.,
2_0299,2,299,Hornblower Shell Heap.,
2_0370,2,370,Hornblower Shell Heap.,
2_0300,2,300,Hornblower Shell Heap.,
2_0268,2,268,Hornblower Shell Heap.,
2_0371,2,371,Hornblower Shell Heap.,
2_0269,2,269,Hornblower Shell Heap.,
2_0372,2,372,Hornblower Shell Heap.,
2_0386,2,386,Hornblower Shell Heap.,
2_0373,2,373,Hornblower Shell Heap.,
2_0270,2,270,Hornblower Shell Heap.,
2_0271,2,271,Hornblower Shell Heap.,
2_0387,2,387,Hornblower Shell Heap.,
2_0374,2,374,Hornblower Shell Heap.,
2_0272,2,272,Hornblower Shell Heap.,
2_0375,2,375,Hornblower Shell Heap.,
2_0376,2,376,Hornblower Shell Heap.,
2_0273,2,273,Hornblower Shell Heap.,
2_0388,2,388,Hornblower Shell Heap.,
2_0378,2,378,Hornblower Shell Heap.,
2_0379,2,379,Hornblower Shell Heap.,
2_0274,2,274,Hornblower Shell Heap.,
2_0380,2,380,Hornblower Shell Heap.,
2_0389,2,389,Hornblower Shell Heap.,
2_0275,2,275,Hornblower Shell Heap.,
2_0390,2,390,Hornblower Shell Heap.,
2_0276,2,276,Hornblower Shell Heap.,
2_0391,2,391,Hornblower Shell Heap.,
2_0392,2,392,Hornblower Shell Heap.,
2_0277,2,277,Hornblower Shell Heap.,
2_0278,2,278,Hornblower Shell Heap.,
2_0393,2,393,Hornblower Shell Heap.,
2_0394,2,394,Hornblower Shell Heap.,
2_0279,2,279,Hornblower Shell Heap.,
2_0280,2,280,Hornblower Shell Heap.,
2_0281,2,281,Hornblower Shell Heap.,
2_0282,2,282,Hornblower Shell Heap.,
2_0283,2,283,Hornblower Shell Heap.,
2_0400,2,400,Hornblower Shell Heap.,
2_0285,2,285,Hornblower Shell Heap.,
2_0401,2,401,Hornblower Shell Heap.,
2_0286,2,286,Hornblower Shell Heap.,
2_0420,2,420,Hornblower Shell Heap.,
2_0444,2,444,Hornblower Shell Heap.,
2_0402,2,402,Hornblower Shell Heap.,
2_0403,2,403,Hornblower Shell Heap.,
2_0404,2,404,Hornblower Shell Heap.,
2_0287,2,287,Hornblower Shell Heap.,
2_0445,2,445,Hornblower Shell Heap.,
2_0405,2,405,Hornblower Shell Heap.,
2_0381,2,381,Hornblower Shell Heap.,
2_0406,2,406,Hornblower Shell Heap.,
2_0446,2,446,Hornblower Shell Heap.,
2_0407,2,407,Hornblower Shell Heap.,
2_0408,2,408,Hornblower Shell Heap.,
2_0421,2,421,Hornblower Shell Heap.,
2_0382,2,382,Hornblower Shell Heap.,
2_0409,2,409,Hornblower Shell Heap.,
2_0447,2,447,Hornblower Shell Heap.,
2_0383,2,383,Hornblower Shell Heap.,
2_0410,2,410,Hornblower Shell Heap.,
2_0384,2,384,Hornblower Shell Heap.,
2_0411,2,411,Hornblower Shell Heap.,
2_0422,2,422,Hornblower Shell Heap.,
2_0448,2,448,Hornblower Shell Heap.,
2_0385,2,385,Hornblower Shell Heap.,
2_0412,2,412,Hornblower Shell Heap.,
2_0395,2,395,Hornblower Shell Heap.,
2_0413,2,413,Hornblower Shell Heap.,
2_0423,2,423,Hornblower Shell Heap.,
2_0414,2,414,Hornblower Shell Heap.,
2_0415,2,415,Hornblower Shell Heap.,
2_0416,2,416,Hornblower Shell Heap.,
2_0396,2,396,Hornblower Shell Heap.,
2_0449,2,449,Hornblower Shell Heap.,
2_0424,2,424,Hornblower Shell Heap.,
2_0417,2,417,Hornblower Shell Heap.,
2_0450,2,450,Hornblower Shell Heap.,
2_0418,2,418,Hornblower Shell Heap.,
2_0419,2,419,Hornblower Shell Heap.,
2_0397,2,397,Hornblower Shell Heap.,
2_0398,2,398,Hornblower Shell Heap.,
2_0451,2,451,Hornblower Shell Heap.,
2_0399,2,399,Hornblower Shell Heap.,
2_0452,2,452,Hornblower Shell Heap.,
2_0284,2,284,Hornblower Shell Heap.,
2_0453,2,453,Hornblower Shell Heap.,
2_0454,2,454,Hornblower Shell Heap.,
2_0425,2,425,Hornblower Shell Heap.,
2_0184,2,184,Hornblower Shell Heap.,
2_0455,2,455,Hornblower Shell Heap.,
2_0426,2,426,Hornblower Shell Heap.,
2_0427,2,427,Hornblower Shell Heap.,
2_0456,2,456,Hornblower Shell Heap.,
2_0458,2,458,Hornblower Shell Heap.,
2_0428,2,428,Hornblower Shell Heap.,
2_0457,2,457,Hornblower Shell Heap.,
2_0429,2,429,Hornblower Shell Heap.,
2_0430,2,430,Hornblower Shell Heap.,
2_0459,2,459,Hornblower Shell Heap.,
2_0460,2,460,Hornblower Shell Heap.,
2_0431,2,431,Hornblower Shell Heap.,
2_0461,2,461,Hornblower Shell Heap.,
2_0462,2,462,Hornblower Shell Heap.,
2_0433,2,433,Hornblower Shell Heap.,
2_0463,2,463,Hornblower Shell Heap.,
2_0464,2,464,Hornblower Shell Heap.,
2_0465,2,465,Hornblower Shell Heap.,
2_0434,2,434,Hornblower Shell Heap.,
2_0466,2,466,Hornblower Shell Heap.,
2_0467,2,467,Hornblower Shell Heap.,
2_0435,2,435,Hornblower Shell Heap.,
2_0468,2,468,Hornblower Shell Heap.,
2_0469,2,469,Hornblower Shell Heap.,
2_0436,2,436,Hornblower Shell Heap.,
2_0470,2,470,Hornblower Shell Heap.,
2_0471,2,471,Hornblower Shell Heap.,
2_0437,2,437,Hornblower Shell Heap.,
2_0472,2,472,Hornblower Shell Heap.,
2_0473,2,473,Hornblower Shell Heap.,
2_0474,2,474,Hornblower Shell Heap.,
2_0475,2,475,Hornblower Shell Heap.,
2_0438,2,438,Hornblower Shell Heap.,
2_0476,2,476,Hornblower Shell Heap.,
2_0477,2,477,Hornblower Shell Heap.,
2_0478,2,478,Hornblower Shell Heap.,
2_0479,2,479,Hornblower Shell Heap.,
2_0439,2,439,Hornblower Shell Heap.,
2_0480,2,480,Hornblower Shell Heap.,
2_0440,2,440,Hornblower Shell Heap.,
2_0441,2,441,Hornblower Shell Heap.,
2_0481,2,481,Hornblower Shell Heap.,
2_0443,2,443,Hornblower Shell Heap.,
2_0442,2,442,Hornblower Shell Heap.,
2_0432,2,432,Hornblower Shell Heap.,
3_0498,3,498,Nevin Shell Heap.,Me.152/1
3_0499,3,499,Nevin Shell Heap.,Me.152/1
2_0482,2,482,Hornblower Shell Heap.,
2_0483,2,483,Hornblower Shell Heap.,
2_0484,2,484,Hornblower Shell Heap.,
2_0485,2,485,Hornblower Shell Heap.,
2_0486,2,486,Hornblower Shell Heap.,
2_0487,2,487,Hornblower Shell Heap.,
2_0488,2,488,Hornblower Shell Heap.,
2_0489,2,489,Hornblower Shell Heap.,
2_0490,2,490,Hornblower Shell Heap.,
3_0531,3,531,Nevin Shell Heap.,Me.152/1
3_0532,3,532,Nevin Shell Heap.,Me.152/1
3_0536,3,536,Nevin Shell Heap.,Me.152/1
3_0652,3,652,Nevin Shell Heap.,Me.152/1
3_0667,3,667,Nevin Shell Heap.,Me.152/1
3_0720,3,720,Nevin Shell Heap.,Me.152/1
3_0587,3,587,Nevin Shell Heap.,Me.152/1
3_0777,3,777,Nevin Shell Heap.,Me.152/1
3_0783,3,783,Nevin Shell Heap.,Me.152/1
3_0893,3,893,Nevin Shell Heap.,Me.152/1
3_0784,3,784,Nevin Shell Heap.,Me.152/1
4_1018,4,1018,E.D. Prey.,C 7/1
4_1019,4,1019,E.D. Prey.,C 7/1
4_1020,4,1020,E.D. Prey.,C 7/1
4_1021,4,1021,E.D. Prey.,C 7/1
4_1022,4,1022,E.D. Prey.,C 7/1
4_1023,4,1023,E.D. Prey.,C 7/1
4_1024,4,1024,E.D. Prey.,C 7/1
4_1025,4,1025,E.D. Prey.,C 7/1
4_1026,4,1026,E.D. Prey.,C 7/1
4_1027,4,1027,E.D. Prey.,C 7/1
4_1028,4,1028,E.D. Prey.,C 7/1
4_1029,4,1029,E.D. Prey.,C 7/1
4_1030,4,1030,E.D. Prey.,C 7/1
4_1031,4,1031,E.D. Prey.,C 7/1
4_1032,4,1032,E.D. Prey.,C 7/1
4_1033,4,1033,E.D. Prey.,C 7/1
4_1034,4,1034,E.D. Prey.,C 7/1
4_1035,4,1035,E.D. Prey.,C 7/1
4_1036,4,1036,E.D. Prey.,C 7/1
4_1037,4,1037,E.D. Prey.,C 7/1
4_1038,4,1038,E.D. Prey.,C 7/1
4_1039,4,1039,E.D. Prey.,C 7/1
4_1040,4,1040,E.D. Prey.,C 7/1
4_1042,4,1042,E.D. Prey.,C 7/1
4_1043,4,1043,E.D. Prey.,C 7/1
4_1044,4,1044,E.D. Prey.,C 7/1
4_1045,4,1045,E.D. Prey.,C 7/1
4_1046,4,1046,E.D. Prey.,C 7/1
4_1047,4,1047,E.D. Prey.,C 7/1
4_1048,4,1048,E.D. Prey.,C 7/1
4_1049,4,1049,E.D. Prey.,C 7/1
4_1050,4,1050,E.D. Prey.,C 7/1
4_1051,4,1051,E.D. Prey.,C 7/1
4_1052,4,1052,E.D. Prey.,C 7/1
4_1053,4,1053,E.D. Prey.,C 7/1
4_1054,4,1054,E.D. Prey.,C 7/1
4_1055,4,1055,E.D. Prey.,C 7/1
4_1056,4,1056,E.D. Prey.,C 7/1
4_1057,4,1057,E.D. Prey.,C 7/1
4_1058,4,1058,E.D. Prey.,C 7/1
4_1059,4,1059,E.D. Prey.,C 7/1
4_1060,4,1060,E.D. Prey.,C 7/1
4_1061,4,1061,E.D. Prey.,C 7/1
5_1062,5,1062,Pomfret Landing.,C 7/3
5_1063,5,1063,Pomfret Landing.,C 7/3
5_1064,5,1064,Pomfret Landing.,C 7/3
6_1065,6,1065,Moosup Camp Site.,C 14/1
6_1067,6,1067,Moosup Camp Site.,C 14/1
6_1068,6,1068,Moosup Camp Site.,C 14/1
6_1069,6,1069,Moosup Camp site.,C 14/1
6_1070,6,1070,Moosup Camp site.,C 14/1
7_1071,7,1071,Shell Heap #1.,
7_1072,7,1072,Shell Heap #1.,
7_1073,7,1073,Shell Heap #1.,
7_1074,7,1074,Shell Heap #1.,
6_1066,6,1066,Moosup Camp Site.,C 14/1
